#FILE	SEQUENCE	START	END	STRAND	GENE	COVERAGE	COVERAGE_MAP	GAPS	%COVERAGE	%IDENTITY	DATABASE	ACCESSION	PRODUCT	RESISTANCE
all_genes.ffn	DINBBOCL_00033	1	816	+	aph(3')-Ia	1-816/816	===============	0/0	100.00	100.00	ncbi	NG_047441.1	aminoglycoside O-phosphotransferase APH(3')-Ia	KANAMYCIN
all_genes.ffn	DINBBOCL_00041	1	1200	+	(Tet)tetA	76-1275/1275	===============	0/0	94.12	100.00	argannot	JX424423:94438-95712	(Tet)tetA	
all_genes.ffn	DINBBOCL_00042	28	678	+	(Tet)tetR	1-651/651	===============	0/0	100.00	100.00	argannot	HF545434:53576-54226	(Tet)tetR	
all_genes.ffn	DINBBOCL_00049	1	840	+	(Sul)sul1	1-840/840	===============	0/0	100.00	100.00	argannot	AF071413:6700-7539	(Sul)sul1	
all_genes.ffn	DINBBOCL_00062	1	861	+	blaTEM-1	1-861/861	===============	0/0	100.00	100.00	ncbi	NG_050145.1	class A broad-spectrum beta-lactamase TEM-1	BETA-LACTAM
all_genes.ffn	IKPIAGOB_00040	1	861	+	blaTEM-1	1-861/861	===============	0/0	100.00	100.00	ncbi	NG_050145.1	class A broad-spectrum beta-lactamase TEM-1	BETA-LACTAM
all_genes.ffn	JAOFDDHH_00050	1	861	+	aac(3)-IId	1-861/861	===============	0/0	100.00	100.00	ncbi	NG_047251.1	aminoglycoside N-acetyltransferase AAC(3)-IId	GENTAMICIN
all_genes.ffn	JAOFDDHH_00054	1	840	+	(Sul)sul1	1-840/840	===============	0/0	100.00	100.00	argannot	AF071413:6700-7539	(Sul)sul1	
all_genes.ffn	JAOFDDHH_00056	1	780	+	aadA2	13-792/792	===============	0/0	98.48	100.00	ncbi	NG_047343.1	ANT(3'')-Ia family aminoglycoside nucleotidyltransferase AadA2	STREPTOMYCIN
all_genes.ffn	PAJILFGD_00105	1	474	+	(Tmt)dfrA5	1-474/474	===============	0/0	100.00	100.00	argannot	X12868:1306-1779	(Tmt)dfrA5	
all_genes.ffn	PAJILFGD_00111	28	678	+	(Tet)tetR	1-651/651	===============	0/0	100.00	100.00	argannot	HF545434:53576-54226	(Tet)tetR	
all_genes.ffn	PAJILFGD_00112	1	1200	+	(Tet)tetA	76-1275/1275	===============	0/0	94.12	100.00	argannot	JX424423:94438-95712	(Tet)tetA	
